{"cameraMode":{"drawMode":0,"name":"Shaded","section":"Shading Mode"},"sceneLighting":true,"audioPlay":false,"sceneViewState":{"showFog":true,"showMaterialUpdate":false,"showSkybox":true,"showFlares":true,"showImageEffects":true,"showParticleSystems":true,"showVisualEffectGraphs":true,"m_FxEnabled":true},"in2DMode":false,"pivot":{"x":0.5607442855834961,"y":1.5610320568084717,"z":-1.3025569915771485},"rotation":{"x":-0.04621439427137375,"y":0.9380055069923401,"z":-0.13774777948856355,"w":-0.31470057368278506},"size":4.938711643218994,"orthographic":false}