{"cameraMode":{"drawMode":0,"name":"Shaded","section":"Shading Mode"},"sceneLighting":true,"audioPlay":false,"sceneViewState":{"showFog":true,"showMaterialUpdate":false,"showSkybox":true,"showFlares":true,"showImageEffects":true,"showParticleSystems":true,"showVisualEffectGraphs":true,"m_FxEnabled":true},"in2DMode":false,"pivot":{"x":0.3962230682373047,"y":-1.6872949600219727,"z":13.342329025268555},"rotation":{"x":-0.18276472389698029,"y":0.10214003920555115,"z":-0.019094889983534814,"w":-0.9776512384414673},"size":13.230070114135743,"orthographic":false}